Cluster;N;WithinSS;WithinSS_Percent
1;11;1.59305653409635;48.4263952710983
2;11;0.913323008633016;27.7635727795057
3;11;0.783265546850766;23.810031949396
